000001,平安银行
000002,万科A
000003,PT金田A
000004,国农科技
000005,世纪星源
000006,深振业A
000007,全新好
000008,神州高铁
000009,中国宝安
000010,美丽生态
000011,深物业A
000012,南玻A
000014,沙河股份
000015,PT中浩A
000016,深康佳A
000017,深中华A
000018,神州长城
000019,深深宝A
000020,深华发A
000021,深科技
000022,深赤湾A
000023,深天地A
000024,招商地产
000025,特力A
000026,飞亚达A
000027,深圳能源
000028,国药一致
000029,深深房A
000030,富奥股份
000031,中粮地产
000032,深桑达A
000034,神州数码
000035,中国天楹
000036,华联控股
000038,深大通
000039,中集集团
000040,东旭蓝天
000042,中洲控股
000043,中航地产
000045,深纺织A
000046,泛海控股
000047,ST中侨
000048,康达尔
000049,德赛电池
000050,深天马A
000055,方大集团
000056,皇庭国际
000058,深赛格
000059,华锦股份
000060,中金岭南
000061,农产品
000062,深圳华强
000063,中兴通讯
000065,北方国际
000066,长城电脑
000068,华控赛格
000069,华侨城A
000070,特发信息
000078,海王生物
000088,盐田港
000089,深圳机场
000090,天健集团
000096,广聚能源
000099,中信海直
000100,TCL集团
000150,宜华健康
000151,中成股份
000153,丰原药业
000156,华数传媒
000157,中联重科
000158,常山股份
000159,国际实业
000166,申万宏源
000301,东方市场
000333,美的集团
000338,潍柴动力
000400,许继电气
000401,冀东水泥
000402,金融街
000403,ST生化
000404,华意压缩
000405,ST鑫光
000406,石油大明
000407,胜利股份
000409,山东地矿
000410,沈阳机床
000411,英特集团
000412,ST五环
000413,东旭光电
000415,渤海金控
000416,民生控股
000417,合肥百货
000418,小天鹅A
000419,通程控股
000420,吉林化纤
000421,南京公用
000422,湖北宜化
000423,东阿阿胶
000425,徐工机械
000426,兴业矿业
000428,华天酒店
000429,粤高速A
000430,张家界
000488,晨鸣纸业
000498,山东路桥
000501,鄂武商A
000502,绿景控股
000503,海虹控股
000506,中润资源
000507,珠海港
000508,琼民源A
000509,华塑控股
000510,金路集团
000513,丽珠集团
000514,渝开发
000515,攀渝钛业
000516,国际医学
000517,荣安地产
000518,四环生物
000519,中兵红箭
000520,长航凤凰
000521,美菱电器
000522,白云山A
000523,广州浪奇
000524,岭南控股
000525,红太阳
000526,紫光学大
000527,美的电器
000528,柳工
000529,广弘控股
000530,大冷股份
000531,穗恒运A
000532,力合股份
000533,万家乐
000534,万泽股份
000536,华映科技
000537,广宇发展
000538,云南白药
000539,粤电力A
000540,中天城投
000541,佛山照明
000542,TCL通讯
000543,皖能电力
000544,中原环保
000545,金浦钛业
000546,金圆股份
000547,航天发展
000548,湖南投资
000549,S湘火炬
000550,江铃汽车
000551,创元科技
000552,靖远煤电
000553,沙隆达A
000554,泰山石油
000555,神州信息
000556,PT南洋
000557,西部创业
000558,莱茵体育
000559,万向钱潮
000560,昆百大A
000561,烽火电子
000562,宏源证券
000563,陕国投A
000564,供销大集
000565,渝三峡A
000566,海南海药
000567,海德股份
000568,泸州老窖
000569,长城股份
000570,苏常柴A
000571,新大洲A
000572,海马汽车
000573,粤宏远A
000576,广东甘化
000578,盐湖集团
000581,威孚高科
000582,北部湾港
000583,S*ST托普
000584,友利控股
000585,东北电气
000586,汇源通信
000587,金洲慈航
000588,PT粤金曼
000589,黔轮胎A
000590,启迪古汉
000591,太阳能
000592,平潭发展
000593,大通燃气
000594,国恒退
000595,宝塔实业
000596,古井贡酒
000597,东北制药
000598,兴蓉环境
000599,青岛双星
000600,建投能源
000601,韶能股份
000602,金马集团
000603,盛达矿业
000605,渤海股份
000607,华媒控股
000608,阳光股份
000609,绵石投资
000610,西安旅游
000612,焦作万方
000613,大东海A
000615,京汉股份
000616,海航投资
000617,中油资本
000618,吉林化工
000619,海螺型材
000620,新华联
000623,吉林敖东
000625,长安汽车
000626,远大控股
000627,天茂集团
000628,高新发展
000630,铜陵有色
000631,顺发恒业
000632,三木集团
000635,英力特
000636,风华高科
000637,茂化实华
000638,万方发展
000639,西王食品
000650,仁和药业
000651,格力电器
000652,泰达股份
000653,ST九州
000655,金岭矿业
000656,金科股份
000657,中钨高新
000658,ST海洋
000659,珠海中富
000661,长春高新
000662,天夏智慧
000663,永安林业
000665,湖北广电
000666,经纬纺机
000667,美好置业
000668,荣丰控股
000669,金鸿能源
000671,阳光城
000672,上峰水泥
000673,当代东方
000675,ST银山
000676,智度股份
000677,恒天海龙
000678,襄阳轴承
000679,大连友谊
000680,山推股份
000681,视觉中国
000682,东方电子
000683,远兴能源
000685,中山公用
000686,东北证券
000687,华讯方舟
000688,建新矿业
000689,ST宏业
000690,宝新能源
000691,ST亚太
000692,惠天热电
000693,ST华泽
000695,滨海能源
000697,炼石有色
000698,沈阳化工
000699,S*ST佳纸
000700,模塑科技
000701,厦门信达
000702,正虹科技
000703,恒逸石化
000705,浙江震元
000707,双环科技
000708,大冶特钢
000709,河钢股份
000711,京蓝科技
000712,锦龙股份
000713,丰乐种业
000715,中兴商业
000716,黑芝麻
000718,苏宁环球
000719,大地传媒
000720,新能泰山
000721,西安饮食
000722,湖南发展
000723,美锦能源
000725,京东方A
000726,鲁泰A
000727,华东科技
000728,国元证券
000729,燕京啤酒
000731,四川美丰
000732,泰禾集团
000733,振华科技
000735,罗牛山
000736,中房地产
000737,南风化工
000738,中航动控
000739,普洛药业
000748,长城信息
000750,国海证券
000751,锌业股份
000752,西藏发展
000753,漳州发展
000755,山西三维
000756,新华制药
000757,浩物股份
000758,中色股份
000759,中百集团
000760,斯太尔
000761,本钢板材
000762,西藏矿业
000763,锦州石化
000766,通化金马
000767,漳泽电力
000768,中航飞机
000776,广发证券
000777,中核科技
000778,新兴铸管
000779,三毛派神
000780,平庄能源
000782,美达股份
000783,长江证券
000785,武汉中商
000786,北新建材
000788,北大医药
000789,万年青
000790,泰合健康
000791,甘肃电投
000792,盐湖股份
000793,华闻传媒
000795,英洛华
000796,凯撒旅游
000797,中国武夷
000798,中水渔业
000799,酒鬼酒
000800,一汽轿车
000801,四川九洲
000802,北京文化
000803,金宇车城
000806,银河生物
000807,云铝股份
000809,铁岭新城
000810,创维数字
000811,烟台冰轮
000812,陕西金叶
000813,德展健康
000815,美利云
000816,智慧农业
000817,辽河油田
000818,方大化工
000819,岳阳兴长
000820,神雾节能
000821,京山轻机
000822,山东海化
000823,超声电子
000825,太钢不锈
000826,启迪桑德
000828,东莞控股
000829,天音控股
000830,鲁西化工
000833,贵糖股份
000835,长城动漫
000836,鑫茂科技
000837,秦川机床
000838,财信发展
000839,中信国安
000848,承德露露
000850,华茂股份
000851,高鸿股份
000852,石化机械
000858,五粮液
000859,国风塑业
000860,顺鑫农业
000861,海印股份
000862,银星能源
000863,三湘印象
000866,扬子石化
000868,安凯客车
000869,张裕A
000875,吉电股份
000876,新希望
000877,天山股份
000878,云南铜业
000880,潍柴重机
000881,中广核技
000882,华联股份
000883,湖北能源
000885,同力水泥
000886,海南高速
000887,中鼎股份
000888,峨眉山A
000889,茂业通信
000890,法尔胜
000892,欢瑞世纪
000893,东凌国际
000895,双汇发展
000897,津滨发展
000898,鞍钢股份
000899,赣能股份
000900,现代投资
000901,航天科技
000902,新洋丰
000903,云内动力
000905,厦门港务
000906,浙商中拓
000908,景峰医药
000909,数源科技
000910,大亚圣象
000911,南宁糖业
000912,泸天化
000915,山大华特
000916,华北高速
000917,电广传媒
000918,嘉凯城
000919,金陵药业
000920,南方汇通
000921,海信科龙
000922,佳电股份
000923,河北宣工
000925,众合科技
000926,福星股份
000927,一汽夏利
000928,中钢国际
000929,兰州黄河
000930,中粮生化
000931,中关村
000932,华菱钢铁
000935,四川双马
000936,华西股份
000937,冀中能源
000938,紫光股份
000939,凯迪生态
000948,南天信息
000949,新乡化纤
000951,中国重汽
000952,广济药业
000955,欣龙控股
000956,中原油气
000957,中通客车
000958,东方能源
000959,首钢股份
000960,锡业股份
000961,中南建设
000963,华东医药
000965,天保基建
000966,长源电力
000967,盈峰环境
000969,安泰科技
000970,中科三环
000971,高升控股
000972,中基健康
000973,佛塑科技
000975,银泰资源
000976,春晖股份
000977,浪潮信息
000978,桂林旅游
000979,中弘股份
000980,金马股份
000981,银亿股份
000982,中银绒业
000983,西山煤电
000985,大庆华科
000987,越秀金控
000988,华工科技
000989,九芝堂
000990,诚志股份
000991,通海高科
000993,闽东电力
000996,中国中期
000997,新大陆
000998,隆平高科
000999,华润三九
600000,浦发银行
600001,邯郸钢铁
600002,齐鲁石化
600003,ST东北高
600004,白云机场
600005,武钢股份
600006,东风汽车
600007,中国国贸
600008,首创股份
600009,上海机场
600010,包钢股份
600011,华能国际
600012,皖通高速
600015,华夏银行
600016,民生银行
600017,日照港
600018,上港集团
600019,宝钢股份
600020,中原高速
600021,上海电力
600022,山东钢铁
600023,浙能电力
600026,中远海能
600027,华电国际
600028,中国石化
600029,南方航空
600030,中信证券
600031,三一重工
600033,福建高速
600035,楚天高速
600036,招商银行
600037,歌华有线
600038,中直股份
600039,四川路桥
600048,保利地产
600050,中国联通
600051,宁波联合
600052,浙江广厦
600053,九鼎投资
600054,黄山旅游
600055,万东医疗
600056,中国医药
600057,象屿股份
600058,五矿发展
600059,古越龙山
600060,海信电器
600061,国投安信
600062,华润双鹤
600063,皖维高新
600064,南京高科
600066,宇通客车
600067,冠城大通
600068,葛洲坝
600069,银鸽投资
600070,浙江富润
600071,凤凰光学
600072,钢构工程
600073,上海梅林
600074,保千里
600075,新疆天业
600076,康欣新材
600077,宋都股份
600078,澄星股份
600079,人福医药
600080,金花股份
600081,东风科技
600082,海泰发展
600083,博信股份
600084,中葡股份
600085,同仁堂
600086,东方金钰
600087,退市长油
600088,中视传媒
600089,特变电工
600090,同济堂
600091,ST明科
600092,S*ST精密
600093,禾嘉股份
600094,大名城
600095,哈高科
600096,云天化
600097,开创国际
600098,广州发展
600099,林海股份
600100,同方股份
600101,明星电力
600102,莱钢股份
600103,青山纸业
600104,上汽集团
600105,永鼎股份
600106,重庆路桥
600107,美尔雅
600108,亚盛集团
600109,国金证券
600110,诺德股份
600111,北方稀土
600112,天成控股
600113,浙江东日
600114,东睦股份
600115,东方航空
600116,三峡水利
600117,西宁特钢
600118,中国卫星
600119,长江投资
600120,浙江东方
600121,郑州煤电
600122,宏图高科
600123,兰花科创
600125,铁龙物流
600126,杭钢股份
600127,金健米业
600128,弘业股份
600129,太极集团
600130,波导股份
600131,岷江水电
600132,重庆啤酒
600133,东湖高新
600135,乐凯胶片
600136,当代明诚
600137,浪莎股份
600138,中青旅
600139,西部资源
600141,兴发集团
600143,金发科技
600146,商赢环球
600148,长春一东
600149,廊坊发展
600150,中国船舶
600151,航天机电
600152,维科精华
600153,建发股份
600155,宝硕股份
600156,华升股份
600157,永泰能源
600158,中体产业
600159,大龙地产
600160,巨化股份
600161,天坛生物
600162,香江控股
600163,中闽能源
600165,新日恒力
600166,福田汽车
600167,联美控股
600168,武汉控股
600169,太原重工
600170,上海建工
600171,上海贝岭
600172,黄河旋风
600173,卧龙地产
600175,美都能源
600176,中国巨石
600177,雅戈尔
600178,东安动力
600179,安通控股
600180,瑞茂通
600181,S*ST云大
600182,S佳通
600183,生益科技
600184,光电股份
600185,格力地产
600186,莲花健康
600187,国中水务
600188,兖州煤业
600189,吉林森工
600190,锦州港
600191,华资实业
600192,长城电工
600193,创兴资源
600195,中牧股份
600196,复星医药
600197,伊力特
600198,大唐电信
600199,金种子酒
600200,江苏吴中
600201,生物股份
600202,哈空调
600203,福日电子
600205,S山东铝
600206,有研新材
600207,安彩高科
600208,新湖中宝
600209,罗顿发展
600210,紫江企业
600211,西藏药业
600212,江泉实业
600213,亚星客车
600215,长春经开
600216,浙江医药
600217,中再资环
600218,全柴动力
600219,南山铝业
600220,江苏阳光
600221,海南航空
600222,太龙药业
600223,鲁商置业
600225,天津松江
600226,升华拜克
600227,赤天化
600228,昌九生化
600229,城市传媒
600231,凌钢股份
600232,金鹰股份
600233,圆通速递
600235,民丰特纸
600236,桂冠电力
600237,铜峰电子
600238,海南椰岛
600239,云南城投
600240,华业资本
600241,时代万恒
600242,中昌数据
600243,青海华鼎
600246,万通地产
600247,ST成城
600248,延长化建
600249,两面针
600250,南纺股份
600251,冠农股份
600252,中恒集团
600253,天方药业
600255,鑫科材料
600256,广汇能源
600257,大湖股份
600258,首旅酒店
600259,广晟有色
600260,凯乐科技
600261,阳光照明
600262,北方股份
600263,路桥建设
600265,ST景谷
600266,北京城建
600267,海正药业
600268,国电南自
600269,赣粤高速
600270,外运发展
600271,航天信息
600272,开开实业
600273,嘉化能源
600275,武昌鱼
600276,恒瑞医药
600277,亿利洁能
600278,东方创业
600279,重庆港九
600280,中央商场
600281,太化股份
600282,南钢股份
600283,钱江水利
600284,浦东建设
600285,羚锐制药
600286,S*ST国瓷
600287,江苏舜天
600288,大恒科技
600289,亿阳信通
600290,华仪电气
600291,西水股份
600292,远达环保
600293,三峡新材
600295,鄂尔多斯
600296,S兰铝
600297,广汇汽车
600298,安琪酵母
600299,安迪苏
600300,维维股份
600302,标准股份
600303,曙光股份
600305,恒顺醋业
600307,酒钢宏兴
600308,华泰股份
600309,万华化学
600310,桂东电力
600311,荣华实业
600312,平高电气
600313,农发种业
600315,上海家化
600316,洪都航空
600317,营口港
600318,新力金融
600319,亚星化学
600320,振华重工
600321,国栋建设
600322,天房发展
600323,瀚蓝环境
600325,华发股份
600326,西藏天路
600327,大东方
600328,兰太实业
600329,中新药业
600330,天通股份
600331,宏达股份
600332,白云山
600333,长春燃气
600335,国机汽车
600336,澳柯玛
600337,美克家居
600338,西藏珠峰
600340,华夏幸福
600343,航天动力
600345,长江通信
600346,恒力股份
600348,阳泉煤业
600349,富通昭和
600350,山东高速
600351,亚宝药业
600352,浙江龙盛
600353,旭光股份
600354,敦煌种业
600355,精伦电子
600356,恒丰纸业
600357,承德钒钛
600358,国旅联合
600359,新农开发
600360,华微电子
600361,华联综超
600362,江西铜业
600363,联创光电
600365,通葡股份
600366,宁波韵升
600367,红星发展
600368,五洲交通
600369,西南证券
600370,三房巷
600371,万向德农
600372,中航电子
600373,中文传媒
600376,首开股份
600377,宁沪高速
600378,天科股份
600379,宝光股份
600380,健康元
600381,青海春天
600382,广东明珠
600383,金地集团
600385,山东金泰
600386,北巴传媒
600387,海越股份
600388,龙净环保
600389,江山股份
600391,成发科技
600392,盛和资源
600393,粤泰股份
600395,盘江股份
600396,金山股份
600397,安源煤业
600398,海澜之家
600399,抚顺特钢
600400,红豆股份
600401,海润光伏
600403,大有能源
600405,动力源
600406,国电南瑞
600408,安泰集团
600409,三友化工
600410,华胜天成
600415,小商品城
600416,湘电股份
600418,江淮汽车
600419,天润乳业
600420,现代制药
600421,仰帆控股
600422,昆药集团
600423,柳化股份
600425,青松建化
600426,华鲁恒升
600428,中远海特
600429,三元股份
600433,冠豪高新
600435,北方导航
600436,片仔癀
600438,通威股份
600439,瑞贝卡
600444,国机通用
600446,金证股份
600448,华纺股份
600449,宁夏建材
600452,涪陵电力
600455,博通股份
600456,宝钛股份
600458,时代新材
600459,贵研铂业
600460,士兰微
600461,洪城水业
600462,九有股份
600463,空港股份
600466,蓝光发展
600467,好当家
600468,百利电气
600469,风神股份
600470,六国化工
600472,包头铝业
600475,华光股份
600476,湘邮科技
600477,杭萧钢构
600478,科力远
600479,千金药业
600480,凌云股份
600481,双良节能
600482,中国动力
600483,福能股份
600485,信威集团
600486,扬农化工
600487,亨通光电
600488,天药股份
600489,中金黄金
600490,鹏欣资源
600491,龙元建设
600493,凤竹纺织
600495,晋西车轴
600496,精工钢构
600497,驰宏锌锗
600498,烽火通信
600499,科达洁能
600500,中化国际
600501,航天晨光
600502,安徽水利
600503,华丽家族
600505,西昌电力
600506,香梨股份
600507,方大特钢
600508,上海能源
600509,天富能源
600510,黑牡丹
600511,国药股份
600512,腾达建设
600513,联环药业
600515,海航基础
600516,方大炭素
600517,置信电气
600518,康美药业
600519,贵州茅台
600521,华海药业
600522,中天科技
600523,贵航股份
600525,长园集团
600526,菲达环保
600527,江南高纤
600528,中铁工业
600529,山东药玻
600530,交大昂立
600531,豫光金铅
600532,宏达矿业
600533,栖霞建设
600535,天士力
600536,中国软件
600537,亿晶光电
600538,国发股份
600539,ST狮头
600540,新赛股份
600543,莫高股份
600545,新疆城建
600547,山东黄金
600548,深高速
600549,厦门钨业
600550,保变电气
600551,时代出版
600552,凯盛科技
600553,太行水泥
600555,海航创新
600556,ST慧球
600557,康缘药业
600558,大西洋
600559,老白干酒
600560,金自天正
600561,江西长运
600562,国睿科技
600563,法拉电子
600565,迪马股份
600566,济川药业
600567,山鹰纸业
600568,中珠医疗
600569,安阳钢铁
600570,恒生电子
600571,信雅达
600572,康恩贝
600573,惠泉啤酒
600575,皖江物流
600576,万家文化
600577,精达股份
600578,京能电力
600579,天华院
600580,卧龙电气
600582,天地科技
600583,海油工程
600584,长电科技
600585,海螺水泥
600586,金晶科技
600587,新华医疗
600588,用友网络
600589,广东榕泰
600590,泰豪科技
600592,龙溪股份
600593,大连圣亚
600594,益佰制药
600595,中孚实业
600596,新安股份
600597,光明乳业
600598,北大荒
600599,熊猫金控
600600,青岛啤酒
600601,方正科技
600602,云赛智联
600604,市北高新
600605,汇通能源
600606,绿地控股
600607,上实医药
600608,上海科技
600609,金杯汽车
600610,中毅达
600611,大众交通
600612,老凤祥
600613,神奇制药
600614,鹏起科技
600615,丰华股份
600616,金枫酒业
600617,国新能源
600618,氯碱化工
600619,海立股份
600620,天宸股份
600621,华鑫股份
600622,嘉宝集团
600623,华谊集团
600624,复旦复华
600625,PT水仙
600626,申达股份
600627,上电股份
600628,新世界
600629,华建集团
600630,龙头股份
600631,百联股份
600632,华联商厦
600633,浙报传媒
600634,中技控股
600635,大众公用
600636,三爱富
600637,东方明珠
600638,新黄浦
600639,浦东金桥
600640,号百控股
600641,万业企业
600642,申能股份
600643,爱建集团
600644,乐山电力
600645,中源协和
600646,ST国嘉
600647,同达创业
600648,外高桥
600649,城投控股
600650,锦江投资
600651,飞乐音响
600652,游久游戏
600653,申华控股
600654,中安消
600655,豫园商城
600656,退市博元
600657,信达地产
600658,电子城
600660,福耀玻璃
600661,新南洋
600662,强生控股
600663,陆家嘴
600664,哈药股份
600665,天地源
600666,奥瑞德
600667,太极实业
600668,尖峰集团
600671,天目药业
600673,东阳光科
600674,川投能源
600675,中华企业
600676,交运股份
600677,航天通信
600678,四川金顶
600679,上海凤凰
600680,上海普天
600681,百川能源
600682,南京新百
600683,京投发展
600684,珠江实业
600685,中船防务
600686,金龙汽车
600687,刚泰控股
600688,上海石化
600689,上海三毛
600690,青岛海尔
600691,阳煤化工
600692,亚通股份
600693,东百集团
600694,大商股份
600695,绿庭投资
600696,匹凸匹
600697,欧亚集团
600698,湖南天雁
600699,均胜电子
600701,工大高新
600702,沱牌舍得
600703,三安光电
600704,物产中大
600705,中航资本
600706,曲江文旅
600707,彩虹股份
600708,光明地产
600709,ST生态
600711,盛屯矿业
600712,南宁百货
600713,南京医药
600714,金瑞矿业
600715,文投控股
600716,凤凰股份
600717,天津港
600718,东软集团
600719,大连热电
600720,祁连山
600722,金牛化工
600723,首商股份
600724,宁波富达
600726,华电能源
600727,鲁北化工
600728,佳都科技
600729,重庆百货
600730,中国高科
600731,湖南海利
600733,S前锋
600734,实达集团
600735,新华锦
600736,苏州高新
600737,中粮糖业
600738,兰州民百
600739,辽宁成大
600740,山西焦化
600741,华域汽车
600742,一汽富维
600743,华远地产
600744,华银电力
600745,中茵股份
600746,江苏索普
600747,大连控股
600748,上实发展
600749,西藏旅游
600750,江中药业
600751,天海投资
600753,东方银星
600754,锦江股份
600755,厦门国贸
600756,浪潮软件
600757,长江传媒
600758,红阳能源
600759,洲际油气
600761,安徽合力
600762,S*ST金荔
600763,通策医疗
600764,中电广通
600765,中航重机
600766,园城黄金
600767,运盛医疗
600768,宁波富邦
600769,祥龙电业
600770,综艺股份
600771,广誉远
600772,S*ST龙昌
600773,西藏城投
600774,汉商集团
600775,南京熊猫
600776,东方通信
600777,新潮能源
600778,友好集团
600779,水井坊
600780,通宝能源
600781,辅仁药业
600782,新钢股份
600783,鲁信创投
600784,鲁银投资
600785,新华百货
600786,东方锅炉
600787,中储股份
600789,鲁抗医药
600790,轻纺城
600791,京能置业
600792,云煤能源
600793,宜宾纸业
600794,保税科技
600795,国电电力
600796,钱江生化
600797,浙大网新
600798,宁波海运
600800,天津磁卡
600801,华新水泥
600802,福建水泥
600803,新奥股份
600804,鹏博士
600805,悦达投资
600807,天业股份
600808,马钢股份
600809,山西汾酒
600810,神马股份
600811,东方集团
600812,华北制药
600813,ST鞍一工
600814,杭州解百
600815,厦工股份
600816,安信信托
600818,中路股份
600819,耀皮玻璃
600820,隧道股份
600821,津劝业
600822,上海物贸
600823,世茂股份
600824,益民集团
600825,新华传媒
600826,兰生股份
600827,百联股份
600828,茂业商业
600829,人民同泰
600830,香溢融通
600831,广电网络
600832,东方明珠
600833,第一医药
600834,申通地铁
600835,上海机电
600836,界龙实业
600837,海通证券
600838,上海九百
600839,四川长虹
600840,新湖创业
600841,上柴股份
600842,中西药业
600843,上工申贝
600844,丹化科技
600845,宝信软件
600846,同济科技
600847,万里股份
600848,上海临港
600849,上药转换
600850,华东电脑
600851,海欣股份
600853,龙建股份
600854,春兰股份
600855,航天长峰
600856,中天能源
600857,宁波中百
600858,银座股份
600859,王府井
600860,京城股份
600861,北京城乡
600862,中航高科
600863,内蒙华电
600864,哈投股份
600865,百大集团
600867,通化东宝
600868,梅雁吉祥
600869,智慧能源
600870,厦华电子
600871,石化油服
600872,中炬高新
600873,梅花生物
600874,创业环保
600875,东方电气
600876,洛阳玻璃
600877,中国嘉陵
600879,航天电子
600880,博瑞传播
600881,亚泰集团
600882,广泽股份
600883,博闻科技
600884,杉杉股份
600885,宏发股份
600886,国投电力
600887,伊利股份
600888,新疆众和
600889,南京化纤
600890,中房股份
600891,秋林集团
600892,大晟文化
600893,中航动力
600894,广日股份
600895,张江高科
600896,览海投资
600897,厦门空港
600898,三联商社
600900,长江电力
600908,无锡银行
600909,华安证券
600917,重庆燃气
600919,江苏银行
600926,杭州银行
600936,广西广电
600939,重庆建工
600958,东方证券
600959,江苏有线
600960,渤海活塞
600961,株冶集团
600962,国投中鲁
600963,岳阳林纸
600965,福成股份
600966,博汇纸业
600967,北方创业
600969,郴电国际
600970,中材国际
600971,恒源煤电
600973,宝胜股份
600975,新五丰
600976,健民集团
600977,中国电影
600978,宜华生活
600979,广安爱众
600980,北矿科技
600981,汇鸿集团
600982,宁波热电
600983,惠而浦
600984,建设机械
600985,雷鸣科化
600986,科达股份
600987,航民股份
600988,赤峰黄金
600990,四创电子
600991,广汽长丰
600992,贵绳股份
600993,马应龙
600995,文山电力
600996,贵广网络
600997,开滦股份
600998,九州通
600999,招商证券
601000,唐山港
601001,大同煤业
601002,晋亿实业
601003,柳钢股份
601005,重庆钢铁
601006,大秦铁路
601007,金陵饭店
601008,连云港
601009,南京银行
601010,文峰股份
601011,宝泰隆
601012,隆基股份
601015,陕西黑猫
601016,节能风电
601018,宁波港
601020,华钰矿业
601021,春秋航空
601028,玉龙股份
601038,一拖股份
601058,赛轮金宇
601069,西部黄金
601088,中国神华
601098,中南传媒
601099,太平洋
601100,恒立液压
601101,昊华能源
601106,中国一重
601107,四川成渝
601111,中国国航
601113,华鼎锦纶
601116,三江购物
601117,中国化学
601118,海南橡胶
601126,四方股份
601127,小康股份
601128,常熟银行
601137,博威合金
601139,深圳燃气
601155,新城控股
601158,重庆水务
601163,三角轮胎
601166,兴业银行
601168,西部矿业
601169,北京银行
601177,杭齿前进
601179,中国西电
601186,中国铁建
601188,龙江交通
601198,东兴证券
601199,江南水务
601206,海尔施
601208,东材科技
601211,国泰君安
601212,白银有色
601216,君正集团
601218,吉鑫科技
601222,林洋能源
601225,陕西煤业
601226,华电重工
601229,上海银行
601231,环旭电子
601233,桐昆股份
601238,广汽集团
601258,庞大集团
601288,农业银行
601299,中国北车
601311,骆驼股份
601313,江南嘉捷
601318,中国平安
601328,交通银行
601333,广深铁路
601336,新华保险
601339,百隆东方
601368,绿城水务
601369,陕鼓动力
601375,中原证券
601377,兴业证券
601388,怡球资源
601390,中国中铁
601398,工商银行
601500,通用股份
601515,东风股份
601518,吉林高速
601519,大智慧
601555,东吴证券
601558,华锐风电
601566,九牧王
601567,三星医疗
601579,会稽山
601588,北辰实业
601595,上海电影
601599,鹿港文化
601600,中国铝业
601601,中国太保
601607,上海医药
601608,中信重工
601611,中国核建
601616,广电电气
601618,中国中冶
601628,中国人寿
601633,长城汽车
601636,旗滨集团
601666,平煤股份
601668,中国建筑
601669,中国电建
601677,明泰铝业
601678,滨化股份
601688,华泰证券
601689,拓普集团
601699,潞安环能
601700,风范股份
601717,郑煤机
601718,际华集团
601727,上海电气
601766,中国中车
601777,力帆股份
601788,光大证券
601789,宁波建工
601798,蓝科高新
601799,星宇股份
601800,中国交建
601801,皖新传媒
601808,中海油服
601811,新华文轩
601818,光大银行
601857,中国石油
601858,中国科传
601866,中远海发
601872,招商轮船
601877,正泰电器
601880,大连港
601881,中国银河
601882,海天精工
601886,江河集团
601888,中国国旅
601890,亚星锚链
601898,中煤能源
601899,紫金矿业
601900,南方传媒
601901,方正证券
601908,京运通
601919,中远海控
601928,凤凰传媒
601929,吉视传媒
601933,永辉超市
601939,建设银行
601958,金钼股份
601965,中国汽研
601966,玲珑轮胎
601968,宝钢包装
601969,海南矿业
601985,中国核电
601988,中国银行
601989,中国重工
601991,大唐发电
601992,金隅股份
601996,丰林集团
601997,贵阳银行
601998,中信银行
601999,出版传媒
603000,人民网
603001,奥康国际
603002,宏昌电子
603003,龙宇燃油
603005,晶方科技
603006,联明股份
603007,花王股份
603008,喜临门
603009,北特科技
603010,万盛股份
603011,合锻智能
603012,创力集团
603015,弘讯科技
603016,新宏泰
603017,中衡设计
603018,中设集团
603019,中科曙光
603020,爱普股份
603021,山东华鹏
603022,新通联
603023,威帝股份
603025,大豪科技
603026,石大胜华
603027,千禾味业
603028,赛福天
603029,天鹅股份
603030,全筑股份
603031,安德利
603032,德新交运
603033,三维股份
603035,常熟汽饰
603036,如通股份
603037,凯众股份
603038,华立股份
603039,泛微网络
603040,新坐标
603058,永吉股份
603060,国检集团
603066,音飞储存
603067,振华股份
603069,海汽集团
603077,和邦生物
603085,天成自控
603088,宁波精达
603089,正裕工业
603090,宏盛股份
603098,森特股份
603099,长白山
603100,川仪股份
603101,汇嘉时代
603108,润达医疗
603111,康尼机电
603116,红蜻蜓
603117,万林股份
603118,共进股份
603123,翠微股份
603126,中材节能
603128,华贸物流
603131,上海沪工
603133,碳元科技
603138,海量数据
603158,腾龙股份
603159,上海亚虹
603160,汇顶科技
603165,荣晟环保
603166,福达股份
603167,渤海轮渡
603168,莎普爱思
603169,兰石重装
603177,德创环保
603178,圣龙股份
603179,新泉股份
603186,华正新材
603188,亚邦股份
603189,网达软件
603198,迎驾贡酒
603199,九华旅游
603203,快克股份
603208,江山欧派
603218,日月股份
603222,济民制药
603223,恒通股份
603227,雪峰科技
603228,景旺电子
603238,诺邦股份
603239,浙江仙通
603258,电魂网络
603266,天龙股份
603268,松发股份
603288,海天味业
603298,杭叉集团
603299,井神股份
603300,华铁科技
603306,华懋科技
603308,应流股份
603309,维力医疗
603311,金海环境
603313,梦百合
603315,福鞍股份
603318,派思股份
603319,湘油泵
603322,超讯通信
603323,吴江银行
603328,依顿电子
603330,上海天洋
603333,明星电缆
603336,宏辉果蔬
603337,杰克股份
603338,浙江鼎力
603339,四方冷链
603345,安井食品
603355,莱克电气
603358,华达科技
603360,百傲化学
603366,日出东方
603368,柳州医药
603369,今世缘
603377,东方时尚
603388,元成股份
603389,亚振家居
603393,新天然气
603398,邦宝益智
603399,新华龙
603416,信捷电气
603421,鼎信通讯
603429,集友股份
603444,吉比特
603456,九洲药业
603508,思维列控
603515,欧普照明
603517,绝味食品
603518,维格娜丝
603519,立霸股份
603520,司太立
603528,多伦科技
603555,贵人鸟
603556,海兴电力
603558,健盛集团
603559,中通国脉
603566,普莱柯
603567,珍宝岛
603568,伟明环保
603569,长久物流
603577,汇金通
603578,三星新材
603579,荣泰健康
603585,苏利股份
603588,高能环境
603589,口子窖
603598,引力传媒
603599,广信股份
603600,永艺股份
603601,再升科技
603603,博天环境
603606,东方电缆
603608,天创时尚
603609,禾丰牧业
603611,诺力股份
603615,茶花股份
603616,韩建河山
603618,杭电股份
603626,科森科技
603628,清源股份
603630,拉芳家化
603633,徕木股份
603636,南威软件
603637,镇海股份
603638,艾迪精密
603639,海利尔
603658,安图生物
603660,苏州科达
603663,三祥新材
603665,康隆达
603667,五洲新春
603668,天马科技
603669,灵康药业
603677,奇精机械
603678,火炬电子
603686,龙马环卫
603688,石英股份
603689,皖天然气
603690,至纯科技
603696,安记食品
603698,航天工程
603699,纽威股份
603701,德宏股份
603703,盛洋科技
603708,家家悦
603716,塞力斯
603717,天域生态
603718,海利生物
603726,朗迪集团
603727,博迈科
603729,龙韵股份
603737,三棵树
603738,泰晶科技
603766,隆鑫通用
603768,常青股份
603777,来伊份
603778,乾景园林
603779,威龙股份
603788,宁波高发
603789,星光农机
603798,康普顿
603799,华友钴业
603800,道森股份
603806,福斯特
603808,歌力思
603811,诚意药业
603816,顾家家居
603817,海峡环保
603818,曲美家居
603819,神力股份
603822,嘉澳环保
603823,百合花
603828,柯利达
603838,四通股份
603839,安正时尚
603843,正平股份
603858,步长制药
603859,能科股份
603861,白云电器
603866,桃李面包
603868,飞科电器
603869,北部湾旅
603877,太平鸟
603878,武进不锈
603881,数据港
603883,老百姓
603885,吉祥航空
603886,元祖股份
603887,城地股份
603888,新华网
603889,新澳股份
603898,好莱客
603899,晨光文具
603900,通灵珠宝
603901,永创智能
603903,中持股份
603908,牧高笛
603909,合诚股份
603918,金桥信息
603919,金徽酒
603928,兴业股份
603929,亚翔集成
603936,博敏电子
603939,益丰药房
603955,大千生态
603958,哈森股份
603959,百利科技
603960,克来机电
603966,法兰泰克
603968,醋化股份
603969,银龙股份
603977,国泰集团
603979,金诚信
603986,兆易创新
603987,康德莱
603988,中电电机
603989,艾华集团
603990,麦迪科技
603991,至正股份
603993,洛阳钼业
603996,中新科技
603997,继峰股份
603998,方盛制药
603999,读者传媒
